{
    "max_depth": 5,
    "learning_rate": 0.04144396109308082,
    "n_estimators": 771,
    "subsample": 0.7487250650014305,
    "colsample_bytree": 0.9069947065143011,
    "gamma": 0.8786947680818691,
    "min_child_weight": 6,
    "reg_alpha": 2.020921196164734,
    "reg_lambda": 2.488598705699846,
    "scale_pos_weight": 10.89343686455616
}