XGB_weight,LGBM_weight,Threshold,Accuracy,Precision,Recall,F1,ROC_AUC
0.79,0.21,0.65,0.8696486350259337,0.28829078801331853,0.41852970795568983,0.3414113201347244,0.7875071091755984
